,tc_id,seq,emotion,labels_pred,scores_pred,correct
0,1,not that great,disappointment,disappointment,"{'disappointment': 0.37796711921691895, 'disapproval': 0.12909181416034698, 'neutral': 0.09272191673517227, 'annoyance': 0.05658777058124542, 'embarrassment': 0.04295628145337105, 'confusion': 0.028447981923818588, 'sadness': 0.02217845246195793, 'realization': 0.02142699621617794, 'surprise': 0.021051278337836266, 'curiosity': 0.020966026932001114, 'remorse': 0.019596802070736885, 'relief': 0.01799825392663479, 'nervousness': 0.017212459817528725, 'approval': 0.015750115737318993, 'amusement': 0.013068325817584991, 'desire': 0.012601193971931934, 'disgust': 0.010506569407880306, 'admiration': 0.00996094848960638, 'optimism': 0.009269678965210915, 'grief': 0.008925335481762886, 'fear': 0.008432913571596146, 'caring': 0.00737647945061326, 'pride': 0.007207689806818962, 'excitement': 0.006961488630622625, 'anger': 0.006575467996299267, 'gratitude': 0.005846091080456972, 'joy': 0.005375197622925043, 'love': 0.003939410205930471}",True
1,2,it is unfortunate to report this,sadness,sadness,"{'sadness': 0.3125667870044708, 'disappointment': 0.27744626998901367, 'annoyance': 0.14577250182628632, 'embarrassment': 0.065778948366642, 'disapproval': 0.054180726408958435, 'remorse': 0.028628496453166008, 'grief': 0.020037423819303513, 'confusion': 0.0191337950527668, 'realization': 0.010255865752696991, 'disgust': 0.00944427214562893, 'anger': 0.007844786159694195, 'fear': 0.00690415920689702, 'desire': 0.006512686610221863, 'surprise': 0.005154184531420469, 'nervousness': 0.00495277252048254, 'curiosity': 0.0024878564290702343, 'neutral': 0.0024508994538336992, 'caring': 0.00234379805624485, 'approval': 0.0023205711040645838, 'excitement': 0.002293410012498498, 'gratitude': 0.002012684941291809, 'pride': 0.0017849166179075837, 'amusement': 0.0017106560990214348, 'optimism': 0.001661575515754521, 'joy': 0.0016552278539165854, 'admiration': 0.0016055519226938486, 'love': 0.00155557319521904, 'relief': 0.001503576640971005}",True
